,회사명,거래소코드,회계년도
0,(주)MH에탄올,23150,2020/12
1,(주)MH에탄올,23150,2021/12
2,(주)MH에탄올,23150,2022/12
3,(주)MH에탄올,23150,2023/12
4,(주)SIMPAC,9160,2020/12
5,(주)SIMPAC,9160,2021/12
6,(주)SIMPAC,9160,2022/12
7,(주)SIMPAC,9160,2023/12
8,(주)SNT에너지,100840,2020/12
9,(주)SNT에너지,100840,2021/12
10,(주)SNT에너지,100840,2022/12
11,(주)SNT에너지,100840,2023/12
12,(주)SNT홀딩스,36530,2020/12
13,(주)SNT홀딩스,36530,2021/12
14,(주)SNT홀딩스,36530,2022/12
15,(주)SNT홀딩스,36530,2023/12
16,(주)TCC스틸,2710,2020/12
17,(주)TCC스틸,2710,2021/12
18,(주)TCC스틸,2710,2022/12
19,(주)TCC스틸,2710,2023/12
20,(주)강원랜드,35250,2020/12
21,(주)강원랜드,35250,2021/12
22,(주)강원랜드,35250,2022/12
23,(주)강원랜드,35250,2023/12
24,(주)경농,2100,2020/12
25,(주)경농,2100,2021/12
26,(주)경농,2100,2022/12
27,(주)경농,2100,2023/12
28,(주)경동나비엔,9450,2020/12
29,(주)경동나비엔,9450,2021/12
30,(주)경동나비엔,9450,2022/12
31,(주)경동나비엔,9450,2023/12
32,(주)경동도시가스,267290,2020/12
33,(주)경동도시가스,267290,2021/12
34,(주)경동도시가스,267290,2022/12
35,(주)경동도시가스,267290,2023/12
36,(주)경방,50,2020/12
37,(주)경방,50,2021/12
38,(주)경방,50,2022/12
39,(주)경방,50,2023/12
40,(주)경인양행,12610,2020/12
41,(주)경인양행,12610,2021/12
42,(주)경인양행,12610,2022/12
43,(주)경인양행,12610,2023/12
44,(주)광명전기,17040,2020/12
45,(주)광명전기,17040,2021/12
46,(주)광명전기,17040,2022/12
47,(주)광명전기,17040,2023/12
48,(주)국동,5320,2020/12
49,(주)국동,5320,2021/12
50,(주)국동,5320,2022/12
51,(주)국동,5320,2023/12
52,(주)금호에이치티,214330,2020/12
53,(주)금호에이치티,214330,2021/12
54,(주)금호에이치티,214330,2022/12
55,(주)금호에이치티,214330,2023/12
56,(주)나이스홀딩스,34310,2020/12
57,(주)나이스홀딩스,34310,2021/12
58,(주)나이스홀딩스,34310,2022/12
59,(주)나이스홀딩스,34310,2023/12
60,(주)남성,4270,2020/12
61,(주)남성,4270,2021/12
62,(주)남성,4270,2022/12
63,(주)남성,4270,2023/12
64,(주)넥센,5720,2020/12
65,(주)넥센,5720,2021/12
66,(주)넥센,5720,2022/12
67,(주)넥센,5720,2023/12
68,(주)노루페인트,90350,2020/12
69,(주)노루페인트,90350,2021/12
70,(주)노루페인트,90350,2022/12
71,(주)노루페인트,90350,2023/12
72,(주)농심,4370,2020/12
73,(주)농심,4370,2021/12
74,(주)농심,4370,2022/12
75,(주)농심,4370,2023/12
76,(주)다우기술,23590,2020/12
77,(주)다우기술,23590,2021/12
78,(주)다우기술,23590,2022/12
79,(주)다우기술,23590,2023/12
80,(주)다이나믹디자인,145210,2020/12
81,(주)다이나믹디자인,145210,2021/12
82,(주)다이나믹디자인,145210,2022/12
83,(주)다이나믹디자인,145210,2023/12
84,(주)대교,19680,2020/12
85,(주)대교,19680,2021/12
86,(주)대교,19680,2022/12
87,(주)대교,19680,2023/12
88,(주)대우건설,47040,2020/12
89,(주)대우건설,47040,2021/12
90,(주)대우건설,47040,2022/12
91,(주)대우건설,47040,2023/12
92,(주)대웅,3090,2020/12
93,(주)대웅,3090,2021/12
94,(주)대웅,3090,2022/12
95,(주)대웅,3090,2023/12
96,(주)대웅제약,69620,2020/12
97,(주)대웅제약,69620,2021/12
98,(주)대웅제약,69620,2022/12
99,(주)대웅제약,69620,2023/12
100,(주)대유에이텍,2880,2020/12
101,(주)대유에이텍,2880,2021/12
102,(주)대유에이텍,2880,2022/12
103,(주)대유에이텍,2880,2023/12
104,(주)대창,12800,2020/12
105,(주)대창,12800,2021/12
106,(주)대창,12800,2022/12
107,(주)대창,12800,2023/12
108,(주)대한항공,3490,2020/12
109,(주)대한항공,3490,2021/12
110,(주)대한항공,3490,2022/12
111,(주)대한항공,3490,2023/12
112,(주)더블유게임즈,192080,2020/12
113,(주)더블유게임즈,192080,2021/12
114,(주)더블유게임즈,192080,2022/12
115,(주)더블유게임즈,192080,2023/12
116,(주)더존비즈온,12510,2020/12
117,(주)더존비즈온,12510,2021/12
118,(주)더존비즈온,12510,2022/12
119,(주)더존비즈온,12510,2023/12
120,(주)덕성,4830,2020/12
121,(주)덕성,4830,2021/12
122,(주)덕성,4830,2022/12
123,(주)덕성,4830,2023/12
124,(주)덴티움,145720,2020/12
125,(주)덴티움,145720,2021/12
126,(주)덴티움,145720,2022/12
127,(주)덴티움,145720,2023/12
128,(주)도화엔지니어링,2150,2020/12
129,(주)도화엔지니어링,2150,2021/12
130,(주)도화엔지니어링,2150,2022/12
131,(주)도화엔지니어링,2150,2023/12
132,(주)동방,4140,2020/12
133,(주)동방,4140,2021/12
134,(주)동방,4140,2022/12
135,(주)동방,4140,2023/12
136,(주)동방아그로,7590,2020/12
137,(주)동방아그로,7590,2021/12
138,(주)동방아그로,7590,2022/12
139,(주)동방아그로,7590,2023/12
140,(주)동서,26960,2020/12
141,(주)동서,26960,2021/12
142,(주)동서,26960,2022/12
143,(주)동서,26960,2023/12
144,(주)동양,1520,2020/12
145,(주)동양,1520,2021/12
146,(주)동양,1520,2022/12
147,(주)동양,1520,2023/12
148,(주)동양고속,84670,2020/12
149,(주)동양고속,84670,2021/12
150,(주)동양고속,84670,2022/12
151,(주)동양고속,84670,2023/12
152,(주)동원에프앤비,49770,2020/12
153,(주)동원에프앤비,49770,2021/12
154,(주)동원에프앤비,49770,2022/12
155,(주)동원에프앤비,49770,2023/12
156,(주)드림텍,192650,2020/12
157,(주)드림텍,192650,2021/12
158,(주)드림텍,192650,2022/12
159,(주)드림텍,192650,2023/12
160,(주)디비아이엔씨,12030,2020/12
161,(주)디비아이엔씨,12030,2021/12
162,(주)디비아이엔씨,12030,2022/12
163,(주)디비아이엔씨,12030,2023/12
164,(주)디아이,3160,2020/12
165,(주)디아이,3160,2021/12
166,(주)디아이,3160,2022/12
167,(주)디아이,3160,2023/12
168,(주)디아이씨,92200,2020/12
169,(주)디아이씨,92200,2021/12
170,(주)디아이씨,92200,2022/12
171,(주)디아이씨,92200,2023/12
172,(주)디알비동일,4840,2020/12
173,(주)디알비동일,4840,2021/12
174,(주)디알비동일,4840,2022/12
175,(주)디알비동일,4840,2023/12
176,(주)디에스단석,17860,2022/12
177,(주)디에스단석,17860,2023/12
178,(주)디엔오토모티브,7340,2020/12
179,(주)디엔오토모티브,7340,2021/12
180,(주)디엔오토모티브,7340,2022/12
181,(주)디엔오토모티브,7340,2023/12
182,(주)마니커,27740,2020/12
183,(주)마니커,27740,2021/12
184,(주)마니커,27740,2022/12
185,(주)마니커,27740,2023/12
186,(주)모나미,5360,2020/12
187,(주)모나미,5360,2021/12
188,(주)모나미,5360,2022/12
189,(주)모나미,5360,2023/12
190,(주)모토닉,9680,2020/12
191,(주)모토닉,9680,2021/12
192,(주)모토닉,9680,2022/12
193,(주)모토닉,9680,2023/12
194,(주)무학,33920,2020/12
195,(주)무학,33920,2021/12
196,(주)무학,33920,2022/12
197,(주)무학,33920,2023/12
198,(주)백산,35150,2020/12
199,(주)백산,35150,2021/12
200,(주)백산,35150,2022/12
201,(주)백산,35150,2023/12
202,(주)보령,3850,2020/12
203,(주)보령,3850,2021/12
204,(주)보령,3850,2022/12
205,(주)보령,3850,2023/12
206,(주)비와이씨,1460,2020/12
207,(주)비와이씨,1460,2021/12
208,(주)비와이씨,1460,2022/12
209,(주)비와이씨,1460,2023/12
210,(주)비지에프,27410,2020/12
211,(주)비지에프,27410,2021/12
212,(주)비지에프,27410,2022/12
213,(주)비지에프,27410,2023/12
214,(주)비지에프리테일,282330,2020/12
215,(주)비지에프리테일,282330,2021/12
216,(주)비지에프리테일,282330,2022/12
217,(주)비지에프리테일,282330,2023/12
218,(주)빙그레,5180,2020/12
219,(주)빙그레,5180,2021/12
220,(주)빙그레,5180,2022/12
221,(주)빙그레,5180,2023/12
222,(주)사조대림,3960,2020/12
223,(주)사조대림,3960,2021/12
224,(주)사조대림,3960,2022/12
225,(주)사조대림,3960,2023/12
226,(주)삼양사,145990,2020/12
227,(주)삼양사,145990,2021/12
228,(주)삼양사,145990,2022/12
229,(주)삼양사,145990,2023/12
230,(주)삼양패키징,272550,2022/12
231,(주)삼양패키징,272550,2023/12
232,(주)삼양홀딩스,70,2020/12
233,(주)삼양홀딩스,70,2021/12
234,(주)삼양홀딩스,70,2022/12
235,(주)삼양홀딩스,70,2023/12
236,(주)삼익악기,2450,2020/12
237,(주)삼익악기,2450,2021/12
238,(주)삼익악기,2450,2022/12
239,(주)삼익악기,2450,2023/12
240,(주)삼천리,4690,2020/12
241,(주)삼천리,4690,2021/12
242,(주)삼천리,4690,2022/12
243,(주)삼천리,4690,2023/12
244,(주)서연이화,200880,2020/12
245,(주)서연이화,200880,2021/12
246,(주)서연이화,200880,2022/12
247,(주)서연이화,200880,2023/12
248,(주)서흥,8490,2020/12
249,(주)서흥,8490,2021/12
250,(주)서흥,8490,2022/12
251,(주)서흥,8490,2023/12
252,(주)선진,136490,2020/12
253,(주)선진,136490,2021/12
254,(주)선진,136490,2022/12
255,(주)선진,136490,2023/12
256,(주)성안,11300,2020/12
257,(주)성안,11300,2021/12
258,(주)성안,11300,2022/12
259,(주)성안,11300,2023/12
260,(주)세아베스틸지주,1430,2020/12
261,(주)세아베스틸지주,1430,2021/12
262,(주)세아베스틸지주,1430,2022/12
263,(주)세아베스틸지주,1430,2023/12
264,(주)세아제강지주,3030,2020/12
265,(주)세아제강지주,3030,2021/12
266,(주)세아제강지주,3030,2022/12
267,(주)세아제강지주,3030,2023/12
268,(주)세아특수강,19440,2020/12
269,(주)세아특수강,19440,2021/12
270,(주)세아특수강,19440,2022/12
271,(주)세아특수강,19440,2023/12
272,(주)세아홀딩스,58650,2020/12
273,(주)세아홀딩스,58650,2021/12
274,(주)세아홀딩스,58650,2022/12
275,(주)세아홀딩스,58650,2023/12
276,(주)세우글로벌,13000,2021/12
277,(주)세우글로벌,13000,2022/12
278,(주)세우글로벌,13000,2023/12
279,(주)세진중공업,75580,2020/12
280,(주)세진중공업,75580,2021/12
281,(주)세진중공업,75580,2022/12
282,(주)세진중공업,75580,2023/12
283,(주)셀트리온,68270,2020/12
284,(주)셀트리온,68270,2021/12
285,(주)셀트리온,68270,2022/12
286,(주)셀트리온,68270,2023/12
287,(주)솔루엠,248070,2020/12
288,(주)솔루엠,248070,2021/12
289,(주)솔루엠,248070,2022/12
290,(주)솔루엠,248070,2023/12
291,(주)수산인더스트리,126720,2020/12
292,(주)수산인더스트리,126720,2021/12
293,(주)수산인더스트리,126720,2022/12
294,(주)수산인더스트리,126720,2023/12
295,(주)수산중공업,17550,2020/12
296,(주)수산중공업,17550,2021/12
297,(주)수산중공업,17550,2022/12
298,(주)수산중공업,17550,2023/12
299,(주)시알홀딩스,480,2020/12
300,(주)시알홀딩스,480,2021/12
301,(주)시알홀딩스,480,2022/12
302,(주)시알홀딩스,480,2023/12
303,(주)신도리코,29530,2020/12
304,(주)신도리코,29530,2021/12
305,(주)신도리코,29530,2022/12
306,(주)신도리코,29530,2023/12
307,(주)신성이엔지,11930,2020/12
308,(주)신성이엔지,11930,2021/12
309,(주)신성이엔지,11930,2022/12
310,(주)신성이엔지,11930,2023/12
311,(주)신세계,4170,2020/12
312,(주)신세계,4170,2021/12
313,(주)신세계,4170,2022/12
314,(주)신세계,4170,2023/12
315,(주)신세계아이앤씨,35510,2022/12
316,(주)신세계아이앤씨,35510,2023/12
317,(주)신세계인터내셔날,31430,2020/12
318,(주)신세계인터내셔날,31430,2021/12
319,(주)신세계인터내셔날,31430,2022/12
320,(주)신세계인터내셔날,31430,2023/12
321,(주)신세계푸드,31440,2020/12
322,(주)신세계푸드,31440,2021/12
323,(주)신세계푸드,31440,2022/12
324,(주)신세계푸드,31440,2023/12
325,(주)신영와코루,5800,2020/12
326,(주)신영와코루,5800,2021/12
327,(주)신영와코루,5800,2022/12
328,(주)신영와코루,5800,2023/12
329,(주)신풍,2870,2020/12
330,(주)신풍,2870,2021/12
331,(주)신풍,2870,2022/12
332,(주)신풍,2870,2023/12
333,(주)신흥,4080,2020/12
334,(주)신흥,4080,2021/12
335,(주)신흥,4080,2022/12
336,(주)신흥,4080,2023/12
337,(주)쏘카,403550,2021/12
338,(주)쏘카,403550,2022/12
339,(주)쏘카,403550,2023/12
340,(주)씨아이테크,4920,2020/12
341,(주)씨아이테크,4920,2021/12
342,(주)씨아이테크,4920,2022/12
343,(주)씨아이테크,4920,2023/12
344,(주)씨티알모빌리티,308170,2020/12
345,(주)씨티알모빌리티,308170,2021/12
346,(주)씨티알모빌리티,308170,2022/12
347,(주)씨티알모빌리티,308170,2023/12
348,(주)아모레퍼시픽,90430,2020/12
349,(주)아모레퍼시픽,90430,2021/12
350,(주)아모레퍼시픽,90430,2022/12
351,(주)아모레퍼시픽,90430,2023/12
352,(주)아모레퍼시픽그룹,2790,2020/12
353,(주)아모레퍼시픽그룹,2790,2021/12
354,(주)아모레퍼시픽그룹,2790,2022/12
355,(주)아모레퍼시픽그룹,2790,2023/12
356,(주)아이에이치큐,3560,2020/12
357,(주)아이에이치큐,3560,2021/12
358,(주)아이에이치큐,3560,2022/12
359,(주)아이에이치큐,3560,2023/12
360,(주)알루코,1780,2020/12
361,(주)알루코,1780,2021/12
362,(주)알루코,1780,2022/12
363,(주)알루코,1780,2023/12
364,(주)에스메디,118000,2020/12
365,(주)에스메디,118000,2021/12
366,(주)에스메디,118000,2022/12
367,(주)에스메디,118000,2023/12
368,(주)에스비에스,34120,2020/12
369,(주)에스비에스,34120,2021/12
370,(주)에스비에스,34120,2022/12
371,(주)에스비에스,34120,2023/12
372,(주)에스원,12750,2020/12
373,(주)에스원,12750,2021/12
374,(주)에스원,12750,2022/12
375,(주)에스원,12750,2023/12
376,(주)에스지글로벌,1380,2020/12
377,(주)에스지글로벌,1380,2021/12
378,(주)에스지글로벌,1380,2022/12
379,(주)에스지글로벌,1380,2023/12
380,(주)에스지세계물산,4060,2020/12
381,(주)에스지세계물산,4060,2021/12
382,(주)에스지세계물산,4060,2022/12
383,(주)에스지세계물산,4060,2023/12
384,(주)에이치에스애드,35000,2020/12
385,(주)에이치에스애드,35000,2021/12
386,(주)에이치에스애드,35000,2022/12
387,(주)에이치에스애드,35000,2023/12
388,(주)에이프로젠,7460,2020/12
389,(주)에이프로젠,7460,2021/12
390,(주)에이프로젠,7460,2022/12
391,(주)에이프로젠,7460,2023/12
392,(주)에이프로젠바이오로직스,3060,2020/12
393,(주)에이프로젠바이오로직스,3060,2021/12
394,(주)에이프로젠바이오로직스,3060,2022/12
395,(주)에이프로젠바이오로직스,3060,2023/12
396,(주)엔케이,85310,2020/12
397,(주)엔케이,85310,2021/12
398,(주)엔케이,85310,2022/12
399,(주)엔케이,85310,2023/12
400,(주)엘앤에프,66970,2020/12
401,(주)엘앤에프,66970,2021/12
402,(주)엘앤에프,66970,2022/12
403,(주)엘앤에프,66970,2023/12
404,(주)엘에스,6260,2020/12
405,(주)엘에스,6260,2021/12
406,(주)엘에스,6260,2022/12
407,(주)엘에스,6260,2023/12
408,(주)엘에스네트웍스,680,2020/12
409,(주)엘에스네트웍스,680,2021/12
410,(주)엘에스네트웍스,680,2022/12
411,(주)엘에스네트웍스,680,2023/12
412,(주)엘에프,93050,2020/12
413,(주)엘에프,93050,2021/12
414,(주)엘에프,93050,2022/12
415,(주)엘에프,93050,2023/12
416,(주)엘엑스세미콘,108320,2020/12
417,(주)엘엑스세미콘,108320,2021/12
418,(주)엘엑스세미콘,108320,2022/12
419,(주)엘엑스세미콘,108320,2023/12
420,(주)엘엑스인터내셔널,1120,2020/12
421,(주)엘엑스인터내셔널,1120,2021/12
422,(주)엘엑스인터내셔널,1120,2022/12
423,(주)엘엑스인터내셔널,1120,2023/12
424,(주)엘엑스하우시스,108670,2020/12
425,(주)엘엑스하우시스,108670,2021/12
426,(주)엘엑스하우시스,108670,2022/12
427,(주)엘엑스하우시스,108670,2023/12
428,(주)엘엑스홀딩스,383800,2022/12
429,(주)엘엑스홀딩스,383800,2023/12
430,(주)엘지,3550,2020/12
431,(주)엘지,3550,2021/12
432,(주)엘지,3550,2022/12
433,(주)엘지,3550,2023/12
434,(주)엘지생활건강,51900,2020/12
435,(주)엘지생활건강,51900,2021/12
436,(주)엘지생활건강,51900,2022/12
437,(주)엘지생활건강,51900,2023/12
438,(주)엘지에너지솔루션,373220,2020/12
439,(주)엘지에너지솔루션,373220,2021/12
440,(주)엘지에너지솔루션,373220,2022/12
441,(주)엘지에너지솔루션,373220,2023/12
442,(주)엘지유플러스,32640,2020/12
443,(주)엘지유플러스,32640,2021/12
444,(주)엘지유플러스,32640,2022/12
445,(주)엘지유플러스,32640,2023/12
446,(주)엘지헬로비전,37560,2020/12
447,(주)엘지헬로비전,37560,2021/12
448,(주)엘지헬로비전,37560,2022/12
449,(주)엘지헬로비전,37560,2023/12
450,(주)엘지화학,51910,2020/12
451,(주)엘지화학,51910,2021/12
452,(주)엘지화학,51910,2022/12
453,(주)엘지화학,51910,2023/12
454,(주)엠씨넥스,97520,2020/12
455,(주)엠씨넥스,97520,2021/12
456,(주)엠씨넥스,97520,2022/12
457,(주)엠씨넥스,97520,2023/12
458,(주)영풍,670,2020/12
459,(주)영풍,670,2021/12
460,(주)영풍,670,2022/12
461,(주)영풍,670,2023/12
462,(주)예스코홀딩스,15360,2020/12
463,(주)예스코홀딩스,15360,2021/12
464,(주)예스코홀딩스,15360,2022/12
465,(주)예스코홀딩스,15360,2023/12
466,(주)오뚜기,7310,2020/12
467,(주)오뚜기,7310,2021/12
468,(주)오뚜기,7310,2022/12
469,(주)오뚜기,7310,2023/12
470,(주)오리온,271560,2020/12
471,(주)오리온,271560,2021/12
472,(주)오리온,271560,2022/12
473,(주)오리온,271560,2023/12
474,(주)오리온홀딩스,1800,2020/12
475,(주)오리온홀딩스,1800,2021/12
476,(주)오리온홀딩스,1800,2022/12
477,(주)오리온홀딩스,1800,2023/12
478,(주)와이투솔루션,11690,2020/12
479,(주)와이투솔루션,11690,2021/12
480,(주)와이투솔루션,11690,2022/12
481,(주)와이투솔루션,11690,2023/12
482,(주)우성,6980,2020/12
483,(주)우성,6980,2021/12
484,(주)우성,6980,2022/12
485,(주)우성,6980,2023/12
486,(주)우신시스템,17370,2020/12
487,(주)우신시스템,17370,2021/12
488,(주)우신시스템,17370,2022/12
489,(주)우신시스템,17370,2023/12
490,(주)우진,105840,2020/12
491,(주)우진,105840,2021/12
492,(주)우진,105840,2022/12
493,(주)우진,105840,2023/12
494,(주)웅진,16880,2020/12
495,(주)웅진,16880,2021/12
496,(주)웅진,16880,2022/12
497,(주)웅진,16880,2023/12
498,(주)웅진씽크빅,95720,2020/12
499,(주)웅진씽크빅,95720,2021/12
500,(주)웅진씽크빅,95720,2022/12
501,(주)웅진씽크빅,95720,2023/12
502,(주)원림,5820,2020/12
503,(주)원림,5820,2021/12
504,(주)원림,5820,2022/12
505,(주)원림,5820,2023/12
506,(주)위스컴,24070,2020/12
507,(주)위스컴,24070,2021/12
508,(주)위스컴,24070,2022/12
509,(주)위스컴,24070,2023/12
510,(주)유니드,14830,2020/12
511,(주)유니드,14830,2021/12
512,(주)유니드,14830,2022/12
513,(주)유니드,14830,2023/12
514,(주)유유제약,220,2020/12
515,(주)유유제약,220,2021/12
516,(주)유유제약,220,2022/12
517,(주)유유제약,220,2023/12
518,(주)유한양행,100,2020/12
519,(주)유한양행,100,2021/12
520,(주)유한양행,100,2022/12
521,(주)유한양행,100,2023/12
522,(주)이노션,214320,2020/12
523,(주)이노션,214320,2021/12
524,(주)이노션,214320,2022/12
525,(주)이노션,214320,2023/12
526,(주)인팩,23810,2020/12
527,(주)인팩,23810,2021/12
528,(주)인팩,23810,2022/12
529,(주)인팩,23810,2023/12
530,(주)제이에스코퍼레이션,194370,2020/12
531,(주)제이에스코퍼레이션,194370,2021/12
532,(주)제이에스코퍼레이션,194370,2022/12
533,(주)제이에스코퍼레이션,194370,2023/12
534,(주)제일기획,30000,2020/12
535,(주)제일기획,30000,2021/12
536,(주)제일기획,30000,2022/12
537,(주)제일기획,30000,2023/12
538,(주)제주항공,89590,2020/12
539,(주)제주항공,89590,2021/12
540,(주)제주항공,89590,2022/12
541,(주)제주항공,89590,2023/12
542,(주)조흥,2600,2022/12
543,(주)조흥,2600,2023/12
544,(주)종근당,185750,2020/12
545,(주)종근당,185750,2021/12
546,(주)종근당,185750,2022/12
547,(주)종근당,185750,2023/12
548,(주)주성코퍼레이션,109070,2020/12
549,(주)주성코퍼레이션,109070,2021/12
550,(주)주성코퍼레이션,109070,2022/12
551,(주)주성코퍼레이션,109070,2023/12
552,(주)지누스,13890,2020/12
553,(주)지누스,13890,2021/12
554,(주)지누스,13890,2022/12
555,(주)지누스,13890,2023/12
556,(주)지에스,78930,2020/12
557,(주)지에스,78930,2021/12
558,(주)지에스,78930,2022/12
559,(주)지에스,78930,2023/12
560,(주)지에스글로벌,1250,2020/12
561,(주)지에스글로벌,1250,2021/12
562,(주)지에스글로벌,1250,2022/12
563,(주)지에스글로벌,1250,2023/12
564,(주)지에스리테일,7070,2020/12
565,(주)지에스리테일,7070,2021/12
566,(주)지에스리테일,7070,2022/12
567,(주)지에스리테일,7070,2023/12
568,(주)진양홀딩스,100250,2020/12
569,(주)진양홀딩스,100250,2021/12
570,(주)진양홀딩스,100250,2022/12
571,(주)진양홀딩스,100250,2023/12
572,(주)청호ICT,12600,2020/12
573,(주)청호ICT,12600,2021/12
574,(주)청호ICT,12600,2022/12
575,(주)청호ICT,12600,2023/12
576,(주)카카오,35720,2020/12
577,(주)카카오,35720,2021/12
578,(주)카카오,35720,2022/12
579,(주)카카오,35720,2023/12
580,(주)카카오페이,377300,2020/12
581,(주)카카오페이,377300,2021/12
582,(주)카카오페이,377300,2022/12
583,(주)카카오페이,377300,2023/12
584,(주)케이씨씨,2380,2020/12
585,(주)케이씨씨,2380,2021/12
586,(주)케이씨씨,2380,2022/12
587,(주)케이씨씨,2380,2023/12
588,(주)케이씨씨글라스,344820,2021/12
589,(주)케이씨씨글라스,344820,2022/12
590,(주)케이씨씨글라스,344820,2023/12
591,(주)케이씨티시,9070,2020/12
592,(주)케이씨티시,9070,2021/12
593,(주)케이씨티시,9070,2022/12
594,(주)케이씨티시,9070,2023/12
595,(주)케이에스에스해운,44450,2020/12
596,(주)케이에스에스해운,44450,2021/12
597,(주)케이에스에스해운,44450,2022/12
598,(주)케이에스에스해운,44450,2023/12
599,(주)케이이씨,92220,2020/12
600,(주)케이이씨,92220,2021/12
601,(주)케이이씨,92220,2022/12
602,(주)케이이씨,92220,2023/12
603,(주)케이티,30200,2020/12
604,(주)케이티,30200,2021/12
605,(주)케이티,30200,2022/12
606,(주)케이티,30200,2023/12
607,(주)케이티씨에스,58850,2020/12
608,(주)케이티씨에스,58850,2021/12
609,(주)케이티씨에스,58850,2022/12
610,(주)케이티씨에스,58850,2023/12
611,(주)케이티앤지,33780,2020/12
612,(주)케이티앤지,33780,2021/12
613,(주)케이티앤지,33780,2022/12
614,(주)케이티앤지,33780,2023/12
615,(주)코리아써키트,7810,2020/12
616,(주)코리아써키트,7810,2021/12
617,(주)코리아써키트,7810,2022/12
618,(주)코리아써키트,7810,2023/12
619,(주)크래프톤,259960,2020/12
620,(주)크래프톤,259960,2021/12
621,(주)크래프톤,259960,2022/12
622,(주)크래프톤,259960,2023/12
623,(주)키다리스튜디오,20120,2020/12
624,(주)키다리스튜디오,20120,2021/12
625,(주)키다리스튜디오,20120,2022/12
626,(주)키다리스튜디오,20120,2023/12
627,(주)태경비케이,14580,2020/12
628,(주)태경비케이,14580,2021/12
629,(주)태경비케이,14580,2022/12
630,(주)태경비케이,14580,2023/12
631,(주)태영건설,9410,2020/12
632,(주)태영건설,9410,2021/12
633,(주)태영건설,9410,2022/12
634,(주)태영건설,9410,2023/12
635,(주)테이팩스,55490,2020/12
636,(주)테이팩스,55490,2021/12
637,(주)테이팩스,55490,2022/12
638,(주)테이팩스,55490,2023/12
639,(주)티에이치엔,19180,2020/12
640,(주)티에이치엔,19180,2021/12
641,(주)티에이치엔,19180,2022/12
642,(주)티에이치엔,19180,2023/12
643,(주)팜스코,36580,2020/12
644,(주)팜스코,36580,2021/12
645,(주)팜스코,36580,2022/12
646,(주)팜스코,36580,2023/12
647,(주)포스코디엑스,22100,2020/12
648,(주)포스코디엑스,22100,2021/12
649,(주)포스코디엑스,22100,2022/12
650,(주)포스코디엑스,22100,2023/12
651,(주)포스코인터내셔널,47050,2020/12
652,(주)포스코인터내셔널,47050,2021/12
653,(주)포스코인터내셔널,47050,2022/12
654,(주)포스코인터내셔널,47050,2023/12
655,(주)포스코퓨처엠,3670,2020/12
656,(주)포스코퓨처엠,3670,2021/12
657,(주)포스코퓨처엠,3670,2022/12
658,(주)포스코퓨처엠,3670,2023/12
659,(주)풍산,103140,2020/12
660,(주)풍산,103140,2021/12
661,(주)풍산,103140,2022/12
662,(주)풍산,103140,2023/12
663,(주)풍산홀딩스,5810,2020/12
664,(주)풍산홀딩스,5810,2021/12
665,(주)풍산홀딩스,5810,2022/12
666,(주)풍산홀딩스,5810,2023/12
667,(주)플레이그램,9810,2020/12
668,(주)플레이그램,9810,2021/12
669,(주)플레이그램,9810,2022/12
670,(주)플레이그램,9810,2023/12
671,(주)하이브,352820,2020/12
672,(주)하이브,352820,2021/12
673,(주)하이브,352820,2022/12
674,(주)하이브,352820,2023/12
675,(주)하이스틸,71090,2020/12
676,(주)하이스틸,71090,2021/12
677,(주)하이스틸,71090,2022/12
678,(주)하이스틸,71090,2023/12
679,(주)한국전자홀딩스,6200,2020/12
680,(주)한국전자홀딩스,6200,2021/12
681,(주)한국전자홀딩스,6200,2022/12
682,(주)한국전자홀딩스,6200,2023/12
683,(주)한독,2390,2020/12
684,(주)한독,2390,2021/12
685,(주)한독,2390,2022/12
686,(주)한독,2390,2023/12
687,(주)한미글로벌건축사사무소,53690,2020/12
688,(주)한미글로벌건축사사무소,53690,2021/12
689,(주)한미글로벌건축사사무소,53690,2022/12
690,(주)한미글로벌건축사사무소,53690,2023/12
691,(주)한샘,9240,2020/12
692,(주)한샘,9240,2021/12
693,(주)한샘,9240,2022/12
694,(주)한샘,9240,2023/12
695,(주)한섬,20000,2020/12
696,(주)한섬,20000,2021/12
697,(주)한섬,20000,2022/12
698,(주)한섬,20000,2023/12
699,(주)한솔케미칼,14680,2020/12
700,(주)한솔케미칼,14680,2021/12
701,(주)한솔케미칼,14680,2022/12
702,(주)한솔케미칼,14680,2023/12
703,(주)한솔홈데코,25750,2020/12
704,(주)한솔홈데코,25750,2021/12
705,(주)한솔홈데코,25750,2022/12
706,(주)한솔홈데코,25750,2023/12
707,(주)한익스프레스,14130,2020/12
708,(주)한익스프레스,14130,2021/12
709,(주)한익스프레스,14130,2022/12
710,(주)한익스프레스,14130,2023/12
711,(주)한진,2320,2020/12
712,(주)한진,2320,2021/12
713,(주)한진,2320,2022/12
714,(주)한진,2320,2023/12
715,(주)한진중공업홀딩스,3480,2020/12
716,(주)한진중공업홀딩스,3480,2021/12
717,(주)한진중공업홀딩스,3480,2022/12
718,(주)한진중공업홀딩스,3480,2023/12
719,(주)한진칼,180640,2020/12
720,(주)한진칼,180640,2021/12
721,(주)한진칼,180640,2022/12
722,(주)한진칼,180640,2023/12
723,(주)한컴라이프케어,372910,2020/12
724,(주)한컴라이프케어,372910,2021/12
725,(주)한컴라이프케어,372910,2022/12
726,(주)한컴라이프케어,372910,2023/12
727,(주)한화,880,2020/12
728,(주)한화,880,2021/12
729,(주)한화,880,2022/12
730,(주)한화,880,2023/12
731,(주)현대그린푸드,453340,2023/12
732,(주)현대리바트,79430,2020/12
733,(주)현대리바트,79430,2021/12
734,(주)현대리바트,79430,2022/12
735,(주)현대리바트,79430,2023/12
736,(주)현대미포조선,10620,2020/12
737,(주)현대미포조선,10620,2021/12
738,(주)현대미포조선,10620,2022/12
739,(주)현대미포조선,10620,2023/12
740,(주)현대백화점,69960,2020/12
741,(주)현대백화점,69960,2021/12
742,(주)현대백화점,69960,2022/12
743,(주)현대백화점,69960,2023/12
744,(주)현대퓨처넷,126560,2020/12
745,(주)현대퓨처넷,126560,2021/12
746,(주)현대퓨처넷,126560,2022/12
747,(주)현대퓨처넷,126560,2023/12
748,(주)현대홈쇼핑,57050,2020/12
749,(주)현대홈쇼핑,57050,2021/12
750,(주)현대홈쇼핑,57050,2022/12
751,(주)현대홈쇼핑,57050,2023/12
752,(주)호텔신라,8770,2020/12
753,(주)호텔신라,8770,2021/12
754,(주)호텔신라,8770,2022/12
755,(주)호텔신라,8770,2023/12
756,(주)화승알앤에이,378850,2021/12
757,(주)화승알앤에이,378850,2022/12
758,(주)화승알앤에이,378850,2023/12
759,(주)화승엔터프라이즈,241590,2020/12
760,(주)화승엔터프라이즈,241590,2021/12
761,(주)화승엔터프라이즈,241590,2022/12
762,(주)화승엔터프라이즈,241590,2023/12
763,(주)화승인더스트리,6060,2020/12
764,(주)화승인더스트리,6060,2021/12
765,(주)화승인더스트리,6060,2022/12
766,(주)화승인더스트리,6060,2023/12
767,(주)화승코퍼레이션,13520,2020/12
768,(주)화승코퍼레이션,13520,2021/12
769,(주)화승코퍼레이션,13520,2022/12
770,(주)화승코퍼레이션,13520,2023/12
771,(주)화신,10690,2020/12
772,(주)화신,10690,2021/12
773,(주)화신,10690,2022/12
774,(주)화신,10690,2023/12
775,(주)화인베스틸,133820,2023/12
776,(주)황금에스티,32560,2020/12
777,(주)황금에스티,32560,2021/12
778,(주)황금에스티,32560,2022/12
779,(주)황금에스티,32560,2023/12
780,(주)효성,4800,2020/12
781,(주)효성,4800,2021/12
782,(주)효성,4800,2022/12
783,(주)효성,4800,2023/12
784,(주)휠라홀딩스,81660,2020/12
785,(주)휠라홀딩스,81660,2021/12
786,(주)휠라홀딩스,81660,2022/12
787,(주)휠라홀딩스,81660,2023/12
788,(주)휴비스,79980,2020/12
789,(주)휴비스,79980,2021/12
790,(주)휴비스,79980,2022/12
791,(주)휴비스,79980,2023/12
792,AJ네트웍스(주),95570,2020/12
793,AJ네트웍스(주),95570,2021/12
794,AJ네트웍스(주),95570,2022/12
795,AJ네트웍스(주),95570,2023/12
796,HD현대(주),267250,2020/12
797,HD현대(주),267250,2021/12
798,HD현대(주),267250,2022/12
799,HD현대(주),267250,2023/12
800,KG스틸(주),16380,2020/12
801,KG스틸(주),16380,2021/12
802,KG스틸(주),16380,2022/12
803,KG스틸(주),16380,2023/12
804,KISCO홀딩스(주),1940,2020/12
805,KISCO홀딩스(주),1940,2021/12
806,KISCO홀딩스(주),1940,2022/12
807,KISCO홀딩스(주),1940,2023/12
808,LG이노텍(주),11070,2020/12
809,LG이노텍(주),11070,2021/12
810,LG이노텍(주),11070,2022/12
811,LG이노텍(주),11070,2023/12
812,LS일렉트릭(주),10120,2020/12
813,LS일렉트릭(주),10120,2021/12
814,LS일렉트릭(주),10120,2022/12
815,LS일렉트릭(주),10120,2023/12
816,SK이노베이션(주),96770,2020/12
817,SK이노베이션(주),96770,2021/12
818,SK이노베이션(주),96770,2022/12
819,SK이노베이션(주),96770,2023/12
820,SNT다이내믹스(주),3570,2020/12
821,SNT다이내믹스(주),3570,2021/12
822,SNT다이내믹스(주),3570,2022/12
823,SNT다이내믹스(주),3570,2023/12
824,SNT모티브(주),64960,2020/12
825,SNT모티브(주),64960,2021/12
826,SNT모티브(주),64960,2022/12
827,SNT모티브(주),64960,2023/12
828,STX엔진(주),77970,2020/12
829,STX엔진(주),77970,2021/12
830,STX엔진(주),77970,2022/12
831,STX엔진(주),77970,2023/12
832,가온전선(주),500,2020/12
833,가온전선(주),500,2021/12
834,가온전선(주),500,2022/12
835,가온전선(주),500,2023/12
836,경인전자(주),9140,2020/12
837,경인전자(주),9140,2021/12
838,경인전자(주),9140,2022/12
839,경인전자(주),9140,2023/12
840,계룡건설산업(주),13580,2020/12
841,계룡건설산업(주),13580,2021/12
842,계룡건설산업(주),13580,2022/12
843,계룡건설산업(주),13580,2023/12
844,계양전기(주),12200,2020/12
845,계양전기(주),12200,2021/12
846,계양전기(주),12200,2022/12
847,계양전기(주),12200,2023/12
848,고려산업(주),2140,2020/12
849,고려산업(주),2140,2021/12
850,고려산업(주),2140,2022/12
851,고려산업(주),2140,2023/12
852,고려아연(주),10130,2020/12
853,고려아연(주),10130,2021/12
854,고려아연(주),10130,2022/12
855,고려아연(주),10130,2023/12
856,광동제약(주),9290,2020/12
857,광동제약(주),9290,2021/12
858,광동제약(주),9290,2022/12
859,광동제약(주),9290,2023/12
860,광전자(주),17900,2020/12
861,광전자(주),17900,2021/12
862,광전자(주),17900,2022/12
863,광전자(주),17900,2023/12
864,교촌에프앤비(주),339770,2020/12
865,교촌에프앤비(주),339770,2021/12
866,교촌에프앤비(주),339770,2022/12
867,교촌에프앤비(주),339770,2023/12
868,국도화학(주),7690,2020/12
869,국도화학(주),7690,2021/12
870,국도화학(주),7690,2022/12
871,국도화학(주),7690,2023/12
872,국제약품(주),2720,2020/12
873,국제약품(주),2720,2021/12
874,국제약품(주),2720,2022/12
875,국제약품(주),2720,2023/12
876,그랜드코리아레저(주),114090,2020/12
877,그랜드코리아레저(주),114090,2021/12
878,그랜드코리아레저(주),114090,2022/12
879,그랜드코리아레저(주),114090,2023/12
880,금강공업(주),14280,2020/12
881,금강공업(주),14280,2021/12
882,금강공업(주),14280,2022/12
883,금강공업(주),14280,2023/12
884,금호건설(주),2990,2020/12
885,금호건설(주),2990,2021/12
886,금호건설(주),2990,2022/12
887,금호건설(주),2990,2023/12
888,금호석유화학(주),11780,2020/12
889,금호석유화학(주),11780,2021/12
890,금호석유화학(주),11780,2022/12
891,금호석유화학(주),11780,2023/12
892,금호전기(주),1210,2020/12
893,금호전기(주),1210,2021/12
894,금호전기(주),1210,2022/12
895,금호전기(주),1210,2023/12
896,기아(주),270,2020/12
897,기아(주),270,2021/12
898,기아(주),270,2022/12
899,기아(주),270,2023/12
900,나이스평가정보(주),30190,2020/12
901,나이스평가정보(주),30190,2021/12
902,나이스평가정보(주),30190,2022/12
903,나이스평가정보(주),30190,2023/12
904,남광토건(주),1260,2020/12
905,남광토건(주),1260,2021/12
906,남광토건(주),1260,2022/12
907,남광토건(주),1260,2023/12
908,남해화학(주),25860,2021/12
909,남해화학(주),25860,2022/12
910,남해화학(주),25860,2023/12
911,네이버(주),35420,2020/12
912,네이버(주),35420,2021/12
913,네이버(주),35420,2022/12
914,네이버(주),35420,2023/12
915,넥센타이어(주),2350,2020/12
916,넥센타이어(주),2350,2021/12
917,넥센타이어(주),2350,2022/12
918,넥센타이어(주),2350,2023/12
919,넥스틸(주),92790,2022/12
920,넥스틸(주),92790,2023/12
921,넷마블(주),251270,2020/12
922,넷마블(주),251270,2021/12
923,넷마블(주),251270,2022/12
924,넷마블(주),251270,2023/12
925,다스코(주),58730,2020/12
926,다스코(주),58730,2021/12
927,다스코(주),58730,2022/12
928,다스코(주),58730,2023/12
929,대상(주),1680,2020/12
930,대상(주),1680,2021/12
931,대상(주),1680,2022/12
932,대상(주),1680,2023/12
933,대상홀딩스(주),84690,2020/12
934,대상홀딩스(주),84690,2021/12
935,대상홀딩스(주),84690,2022/12
936,대상홀딩스(주),84690,2023/12
937,대성에너지(주),117580,2020/12
938,대성에너지(주),117580,2021/12
939,대성에너지(주),117580,2022/12
940,대성에너지(주),117580,2023/12
941,대성홀딩스(주),16710,2020/12
942,대성홀딩스(주),16710,2021/12
943,대성홀딩스(주),16710,2022/12
944,대성홀딩스(주),16710,2023/12
945,대원강업(주),430,2020/12
946,대원강업(주),430,2021/12
947,대원강업(주),430,2022/12
948,대원강업(주),430,2023/12
949,대원전선(주),6340,2020/12
950,대원전선(주),6340,2021/12
951,대원전선(주),6340,2022/12
952,대원전선(주),6340,2023/12
953,대원제약(주),3220,2020/12
954,대원제약(주),3220,2021/12
955,대원제약(주),3220,2022/12
956,대원제약(주),3220,2023/12
957,대한방직(주),1070,2020/12
958,대한방직(주),1070,2021/12
959,대한방직(주),1070,2022/12
960,대한방직(주),1070,2023/12
961,대한유화(주),6650,2020/12
962,대한유화(주),6650,2021/12
963,대한유화(주),6650,2022/12
964,대한유화(주),6650,2023/12
965,대한제강(주),84010,2020/12
966,대한제강(주),84010,2021/12
967,대한제강(주),84010,2022/12
968,대한제강(주),84010,2023/12
969,대한제당(주),1790,2020/12
970,대한제당(주),1790,2021/12
971,대한제당(주),1790,2022/12
972,대한제당(주),1790,2023/12
973,대한제분(주),1130,2020/12
974,대한제분(주),1130,2021/12
975,대한제분(주),1130,2022/12
976,대한제분(주),1130,2023/12
977,덕양산업(주),24900,2020/12
978,덕양산업(주),24900,2021/12
979,덕양산업(주),24900,2022/12
980,덕양산업(주),24900,2023/12
981,동국홀딩스(주),1230,2020/12
982,동국홀딩스(주),1230,2021/12
983,동국홀딩스(주),1230,2022/12
984,동국홀딩스(주),1230,2023/12
985,동부건설(주),5960,2020/12
986,동부건설(주),5960,2021/12
987,동부건설(주),5960,2022/12
988,동부건설(주),5960,2023/12
989,동아에스티(주),170900,2020/12
990,동아에스티(주),170900,2021/12
991,동아에스티(주),170900,2022/12
992,동아에스티(주),170900,2023/12
993,동아타이어공업(주),282690,2020/12
994,동아타이어공업(주),282690,2021/12
995,동아타이어공업(주),282690,2022/12
996,동아타이어공업(주),282690,2023/12
997,동양철관(주),8970,2020/12
998,동양철관(주),8970,2021/12
999,동양철관(주),8970,2022/12
1000,동양철관(주),8970,2023/12
1001,동원산업(주),6040,2020/12
1002,동원산업(주),6040,2021/12
1003,동원산업(주),6040,2022/12
1004,동원산업(주),6040,2023/12
1005,동원수산(주),30720,2020/12
1006,동원수산(주),30720,2021/12
1007,동원수산(주),30720,2022/12
1008,동원수산(주),30720,2023/12
1009,동원시스템즈(주),14820,2020/12
1010,동원시스템즈(주),14820,2021/12
1011,동원시스템즈(주),14820,2022/12
1012,동원시스템즈(주),14820,2023/12
1013,동일고무벨트(주),163560,2020/12
1014,동일고무벨트(주),163560,2021/12
1015,동일고무벨트(주),163560,2022/12
1016,동일고무벨트(주),163560,2023/12
1017,동일산업(주),4890,2020/12
1018,동일산업(주),4890,2021/12
1019,동일산업(주),4890,2022/12
1020,동일산업(주),4890,2023/12
1021,동화약품(주),20,2020/12
1022,동화약품(주),20,2021/12
1023,동화약품(주),20,2022/12
1024,동화약품(주),20,2023/12
1025,두산밥캣(주),241560,2020/12
1026,두산밥캣(주),241560,2021/12
1027,두산밥캣(주),241560,2022/12
1028,두산밥캣(주),241560,2023/12
1029,두산에너빌리티(주),34020,2020/12
1030,두산에너빌리티(주),34020,2021/12
1031,두산에너빌리티(주),34020,2022/12
1032,두산에너빌리티(주),34020,2023/12
1033,디아이동일(주),1530,2020/12
1034,디아이동일(주),1530,2021/12
1035,디아이동일(주),1530,2022/12
1036,디아이동일(주),1530,2023/12
1037,디엘(주),210,2020/12
1038,디엘(주),210,2021/12
1039,디엘(주),210,2022/12
1040,디엘(주),210,2023/12
1041,디엘이앤씨(주),375500,2021/12
1042,디엘이앤씨(주),375500,2022/12
1043,디엘이앤씨(주),375500,2023/12
1044,디와이(주),13570,2020/12
1045,디와이(주),13570,2021/12
1046,디와이(주),13570,2022/12
1047,디와이(주),13570,2023/12
1048,디와이파워(주),210540,2020/12
1049,디와이파워(주),210540,2021/12
1050,디와이파워(주),210540,2022/12
1051,디와이파워(주),210540,2023/12
1052,롯데렌탈(주),89860,2020/12
1053,롯데렌탈(주),89860,2021/12
1054,롯데렌탈(주),89860,2022/12
1055,롯데렌탈(주),89860,2023/12
1056,롯데쇼핑(주),23530,2020/12
1057,롯데쇼핑(주),23530,2021/12
1058,롯데쇼핑(주),23530,2022/12
1059,롯데쇼핑(주),23530,2023/12
1060,롯데에너지머티리얼즈(주),20150,2020/12
1061,롯데에너지머티리얼즈(주),20150,2021/12
1062,롯데에너지머티리얼즈(주),20150,2022/12
1063,롯데에너지머티리얼즈(주),20150,2023/12
1064,롯데웰푸드(주),280360,2020/12
1065,롯데웰푸드(주),280360,2021/12
1066,롯데웰푸드(주),280360,2022/12
1067,롯데웰푸드(주),280360,2023/12
1068,롯데정밀화학(주),4000,2020/12
1069,롯데정밀화학(주),4000,2021/12
1070,롯데정밀화학(주),4000,2022/12
1071,롯데정밀화학(주),4000,2023/12
1072,롯데정보통신(주),286940,2020/12
1073,롯데정보통신(주),286940,2021/12
1074,롯데정보통신(주),286940,2022/12
1075,롯데정보통신(주),286940,2023/12
1076,롯데지주(주),4990,2020/12
1077,롯데지주(주),4990,2021/12
1078,롯데지주(주),4990,2022/12
1079,롯데지주(주),4990,2023/12
1080,롯데칠성음료(주),5300,2020/12
1081,롯데칠성음료(주),5300,2021/12
1082,롯데칠성음료(주),5300,2022/12
1083,롯데칠성음료(주),5300,2023/12
1084,롯데케미칼(주),11170,2020/12
1085,롯데케미칼(주),11170,2021/12
1086,롯데케미칼(주),11170,2022/12
1087,롯데케미칼(주),11170,2023/12
1088,명문제약(주),17180,2020/12
1089,명문제약(주),17180,2021/12
1090,명문제약(주),17180,2022/12
1091,명문제약(주),17180,2023/12
1092,명신산업(주),9900,2020/12
1093,명신산업(주),9900,2021/12
1094,명신산업(주),9900,2022/12
1095,명신산업(주),9900,2023/12
1096,무림페이퍼(주),9200,2020/12
1097,무림페이퍼(주),9200,2021/12
1098,무림페이퍼(주),9200,2022/12
1099,무림페이퍼(주),9200,2023/12
1100,무림피앤피(주),9580,2020/12
1101,무림피앤피(주),9580,2021/12
1102,무림피앤피(주),9580,2022/12
1103,무림피앤피(주),9580,2023/12
1104,미래산업(주),25560,2020/12
1105,미래산업(주),25560,2021/12
1106,미래산업(주),25560,2022/12
1107,미래산업(주),25560,2023/12
1108,미원상사(주),2840,2020/12
1109,미원상사(주),2840,2021/12
1110,미원상사(주),2840,2022/12
1111,미원상사(주),2840,2023/12
1112,미원스페셜티케미칼(주),268280,2020/12
1113,미원스페셜티케미칼(주),268280,2021/12
1114,미원스페셜티케미칼(주),268280,2022/12
1115,미원스페셜티케미칼(주),268280,2023/12
1116,미창석유공업(주),3650,2020/12
1117,미창석유공업(주),3650,2021/12
1118,미창석유공업(주),3650,2022/12
1119,미창석유공업(주),3650,2023/12
1120,보해양조(주),890,2020/12
1121,보해양조(주),890,2021/12
1122,보해양조(주),890,2022/12
1123,보해양조(주),890,2023/12
1124,부광약품(주),3000,2020/12
1125,부광약품(주),3000,2021/12
1126,부광약품(주),3000,2022/12
1127,부광약품(주),3000,2023/12
1128,사조산업(주),7160,2020/12
1129,사조산업(주),7160,2021/12
1130,사조산업(주),7160,2022/12
1131,사조산업(주),7160,2023/12
1132,사조씨푸드(주),14710,2023/12
1133,삼성SDI(주),6400,2020/12
1134,삼성SDI(주),6400,2021/12
1135,삼성SDI(주),6400,2022/12
1136,삼성SDI(주),6400,2023/12
1137,삼성공조(주),6660,2020/12
1138,삼성공조(주),6660,2021/12
1139,삼성공조(주),6660,2022/12
1140,삼성공조(주),6660,2023/12
1141,삼성물산(주),28260,2020/12
1142,삼성물산(주),28260,2021/12
1143,삼성물산(주),28260,2022/12
1144,삼성물산(주),28260,2023/12
1145,삼성바이오로직스(주),207940,2020/12
1146,삼성바이오로직스(주),207940,2021/12
1147,삼성바이오로직스(주),207940,2022/12
1148,삼성바이오로직스(주),207940,2023/12
1149,삼성에스디에스(주),18260,2020/12
1150,삼성에스디에스(주),18260,2021/12
1151,삼성에스디에스(주),18260,2022/12
1152,삼성에스디에스(주),18260,2023/12
1153,삼성엔지니어링(주),28050,2020/12
1154,삼성엔지니어링(주),28050,2021/12
1155,삼성엔지니어링(주),28050,2022/12
1156,삼성엔지니어링(주),28050,2023/12
1157,삼성전기(주),9150,2020/12
1158,삼성전기(주),9150,2021/12
1159,삼성전기(주),9150,2022/12
1160,삼성전기(주),9150,2023/12
1161,삼성전자(주),5930,2020/12
1162,삼성전자(주),5930,2021/12
1163,삼성전자(주),5930,2022/12
1164,삼성전자(주),5930,2023/12
1165,삼성중공업(주),10140,2020/12
1166,삼성중공업(주),10140,2021/12
1167,삼성중공업(주),10140,2022/12
1168,삼성중공업(주),10140,2023/12
1169,삼아알미늄(주),6110,2020/12
1170,삼아알미늄(주),6110,2021/12
1171,삼아알미늄(주),6110,2022/12
1172,삼아알미늄(주),6110,2023/12
1173,삼양식품(주),3230,2020/12
1174,삼양식품(주),3230,2021/12
1175,삼양식품(주),3230,2022/12
1176,삼양식품(주),3230,2023/12
1177,삼양통상(주),2170,2020/12
1178,삼양통상(주),2170,2021/12
1179,삼양통상(주),2170,2022/12
1180,삼양통상(주),2170,2023/12
1181,삼영무역(주),2810,2020/12
1182,삼영무역(주),2810,2021/12
1183,삼영무역(주),2810,2022/12
1184,삼영무역(주),2810,2023/12
1185,삼익티에이치케이(주),4380,2022/12
1186,삼익티에이치케이(주),4380,2023/12
1187,삼일제약(주),520,2020/12
1188,삼일제약(주),520,2021/12
1189,삼일제약(주),520,2022/12
1190,삼일제약(주),520,2023/12
1191,삼호개발(주),10960,2020/12
1192,삼호개발(주),10960,2021/12
1193,삼호개발(주),10960,2022/12
1194,삼호개발(주),10960,2023/12
1195,삼화왕관(주),4450,2020/12
1196,삼화왕관(주),4450,2021/12
1197,삼화왕관(주),4450,2022/12
1198,삼화왕관(주),4450,2023/12
1199,삼화전기(주),9470,2020/12
1200,삼화전기(주),9470,2021/12
1201,삼화전기(주),9470,2022/12
1202,삼화전기(주),9470,2023/12
1203,삼화전자공업(주),11230,2020/12
1204,삼화전자공업(주),11230,2021/12
1205,삼화전자공업(주),11230,2022/12
1206,삼화전자공업(주),11230,2023/12
1207,삼화콘덴서공업(주),1820,2020/12
1208,삼화콘덴서공업(주),1820,2021/12
1209,삼화콘덴서공업(주),1820,2022/12
1210,삼화콘덴서공업(주),1820,2023/12
1211,삼화페인트공업(주),390,2020/12
1212,삼화페인트공업(주),390,2021/12
1213,삼화페인트공업(주),390,2022/12
1214,삼화페인트공업(주),390,2023/12
1215,상신브레이크(주),41650,2020/12
1216,상신브레이크(주),41650,2021/12
1217,상신브레이크(주),41650,2022/12
1218,상신브레이크(주),41650,2023/12
1219,새론오토모티브(주),75180,2020/12
1220,새론오토모티브(주),75180,2021/12
1221,새론오토모티브(주),75180,2022/12
1222,새론오토모티브(주),75180,2023/12
1223,샘표(주),7540,2020/12
1224,샘표(주),7540,2021/12
1225,샘표(주),7540,2022/12
1226,샘표(주),7540,2023/12
1227,샘표식품(주),248170,2020/12
1228,샘표식품(주),248170,2021/12
1229,샘표식품(주),248170,2022/12
1230,샘표식품(주),248170,2023/12
1231,서울도시가스(주),17390,2020/12
1232,서울도시가스(주),17390,2021/12
1233,서울도시가스(주),17390,2022/12
1234,서울도시가스(주),17390,2023/12
1235,성문전자(주),14910,2020/12
1236,성문전자(주),14910,2021/12
1237,성문전자(주),14910,2022/12
1238,성문전자(주),14910,2023/12
1239,성보화학(주),3080,2020/12
1240,성보화학(주),3080,2021/12
1241,성보화학(주),3080,2022/12
1242,성보화학(주),3080,2023/12
1243,성신양회(주),4980,2020/12
1244,성신양회(주),4980,2021/12
1245,성신양회(주),4980,2022/12
1246,성신양회(주),4980,2023/12
1247,성창기업지주(주),180,2020/12
1248,성창기업지주(주),180,2021/12
1249,성창기업지주(주),180,2022/12
1250,성창기업지주(주),180,2023/12
1251,세방(주),4360,2020/12
1252,세방(주),4360,2021/12
1253,세방(주),4360,2022/12
1254,세방(주),4360,2023/12
1255,세방전지(주),4490,2020/12
1256,세방전지(주),4490,2021/12
1257,세방전지(주),4490,2022/12
1258,세방전지(주),4490,2023/12
1259,세종공업(주),33530,2020/12
1260,세종공업(주),33530,2021/12
1261,세종공업(주),33530,2022/12
1262,세종공업(주),33530,2023/12
1263,송원산업(주),4430,2020/12
1264,송원산업(주),4430,2021/12
1265,송원산업(주),4430,2022/12
1266,송원산업(주),4430,2023/12
1267,신라교역(주),4970,2020/12
1268,신라교역(주),4970,2021/12
1269,신라교역(주),4970,2022/12
1270,신라교역(주),4970,2023/12
1271,신세계건설(주),34300,2023/12
1272,신송홀딩스(주),6880,2020/12
1273,신송홀딩스(주),6880,2021/12
1274,신송홀딩스(주),6880,2022/12
1275,신송홀딩스(주),6880,2023/12
1276,쌍용씨앤이(주),3410,2020/12
1277,쌍용씨앤이(주),3410,2021/12
1278,쌍용씨앤이(주),3410,2022/12
1279,쌍용씨앤이(주),3410,2023/12
1280,씨에스윈드(주),112610,2020/12
1281,씨에스윈드(주),112610,2021/12
1282,씨에스윈드(주),112610,2022/12
1283,씨에스윈드(주),112610,2023/12
1284,씨제이(주),1040,2020/12
1285,씨제이(주),1040,2021/12
1286,씨제이(주),1040,2022/12
1287,씨제이(주),1040,2023/12
1288,씨제이대한통운(주),120,2020/12
1289,씨제이대한통운(주),120,2021/12
1290,씨제이대한통운(주),120,2022/12
1291,씨제이대한통운(주),120,2023/12
1292,씨제이씨지브이(주),79160,2020/12
1293,씨제이씨지브이(주),79160,2021/12
1294,씨제이씨지브이(주),79160,2022/12
1295,씨제이씨지브이(주),79160,2023/12
1296,씨제이씨푸드(주),11150,2023/12
1297,씨제이제일제당(주),97950,2020/12
1298,씨제이제일제당(주),97950,2021/12
1299,씨제이제일제당(주),97950,2022/12
1300,씨제이제일제당(주),97950,2023/12
1301,아남전자(주),8700,2020/12
1302,아남전자(주),8700,2021/12
1303,아남전자(주),8700,2022/12
1304,아남전자(주),8700,2023/12
1305,아세아(주),2030,2020/12
1306,아세아(주),2030,2021/12
1307,아세아(주),2030,2022/12
1308,아세아(주),2030,2023/12
1309,아세아시멘트(주),183190,2020/12
1310,아세아시멘트(주),183190,2021/12
1311,아세아시멘트(주),183190,2022/12
1312,아세아시멘트(주),183190,2023/12
1313,아세아제지(주),2310,2020/12
1314,아세아제지(주),2310,2021/12
1315,아세아제지(주),2310,2022/12
1316,아세아제지(주),2310,2023/12
1317,아시아나항공(주),20560,2020/12
1318,아시아나항공(주),20560,2021/12
1319,아시아나항공(주),20560,2022/12
1320,아시아나항공(주),20560,2023/12
1321,아이에스동서(주),10780,2020/12
1322,아이에스동서(주),10780,2021/12
1323,아이에스동서(주),10780,2022/12
1324,아이에스동서(주),10780,2023/12
1325,애경산업(주),18250,2020/12
1326,애경산업(주),18250,2021/12
1327,애경산업(주),18250,2022/12
1328,애경산업(주),18250,2023/12
1329,애경케미칼(주),161000,2020/12
1330,애경케미칼(주),161000,2021/12
1331,애경케미칼(주),161000,2022/12
1332,애경케미칼(주),161000,2023/12
1333,에스디바이오센서(주),137310,2020/12
1334,에스디바이오센서(주),137310,2021/12
1335,에스디바이오센서(주),137310,2022/12
1336,에스디바이오센서(주),137310,2023/12
1337,에스엘(주),5850,2020/12
1338,에스엘(주),5850,2021/12
1339,에스엘(주),5850,2022/12
1340,에스엘(주),5850,2023/12
1341,에스지씨에너지(주),5090,2020/12
1342,에스지씨에너지(주),5090,2021/12
1343,에스지씨에너지(주),5090,2022/12
1344,에스지씨에너지(주),5090,2023/12
1345,에스케이(주),34730,2020/12
1346,에스케이(주),34730,2021/12
1347,에스케이(주),34730,2022/12
1348,에스케이(주),34730,2023/12
1349,에스케이가스(주),18670,2020/12
1350,에스케이가스(주),18670,2021/12
1351,에스케이가스(주),18670,2022/12
1352,에스케이가스(주),18670,2023/12
1353,에스케이네트웍스(주),1740,2020/12
1354,에스케이네트웍스(주),1740,2021/12
1355,에스케이네트웍스(주),1740,2022/12
1356,에스케이네트웍스(주),1740,2023/12
1357,에스케이디스커버리(주),6120,2020/12
1358,에스케이디스커버리(주),6120,2021/12
1359,에스케이디스커버리(주),6120,2022/12
1360,에스케이디스커버리(주),6120,2023/12
1361,에스케이디앤디(주),210980,2020/12
1362,에스케이디앤디(주),210980,2021/12
1363,에스케이디앤디(주),210980,2022/12
1364,에스케이디앤디(주),210980,2023/12
1365,에스케이바이오사이언스(주),302440,2022/12
1366,에스케이바이오사이언스(주),302440,2023/12
1367,에스케이바이오팜(주),326030,2020/12
1368,에스케이바이오팜(주),326030,2021/12
1369,에스케이바이오팜(주),326030,2022/12
1370,에스케이바이오팜(주),326030,2023/12
1371,에스케이스퀘어(주),402340,2021/12
1372,에스케이스퀘어(주),402340,2022/12
1373,에스케이스퀘어(주),402340,2023/12
1374,에스케이씨(주),11790,2020/12
1375,에스케이씨(주),11790,2021/12
1376,에스케이씨(주),11790,2022/12
1377,에스케이씨(주),11790,2023/12
1378,에스케이아이이테크놀로지(주),361610,2020/12
1379,에스케이아이이테크놀로지(주),361610,2021/12
1380,에스케이아이이테크놀로지(주),361610,2022/12
1381,에스케이아이이테크놀로지(주),361610,2023/12
1382,에스케이오션플랜트(주),100090,2020/12
1383,에스케이오션플랜트(주),100090,2021/12
1384,에스케이오션플랜트(주),100090,2022/12
1385,에스케이오션플랜트(주),100090,2023/12
1386,에스케이케미칼(주),285130,2020/12
1387,에스케이케미칼(주),285130,2021/12
1388,에스케이케미칼(주),285130,2022/12
1389,에스케이케미칼(주),285130,2023/12
1390,에스케이텔레콤(주),17670,2020/12
1391,에스케이텔레콤(주),17670,2021/12
1392,에스케이텔레콤(주),17670,2022/12
1393,에스케이텔레콤(주),17670,2023/12
1394,에스케이하이닉스(주),660,2020/12
1395,에스케이하이닉스(주),660,2021/12
1396,에스케이하이닉스(주),660,2022/12
1397,에스케이하이닉스(주),660,2023/12
1398,에쓰-오일(주),10950,2020/12
1399,에쓰-오일(주),10950,2021/12
1400,에쓰-오일(주),10950,2022/12
1401,에쓰-오일(주),10950,2023/12
1402,에쓰씨엔지니어링(주),23960,2021/12
1403,에쓰씨엔지니어링(주),23960,2022/12
1404,에쓰씨엔지니어링(주),23960,2023/12
1405,에이치디씨(주),12630,2020/12
1406,에이치디씨(주),12630,2021/12
1407,에이치디씨(주),12630,2022/12
1408,에이치디씨(주),12630,2023/12
1409,에이치디씨현대산업개발(주),294870,2020/12
1410,에이치디씨현대산업개발(주),294870,2021/12
1411,에이치디씨현대산업개발(주),294870,2022/12
1412,에이치디씨현대산업개발(주),294870,2023/12
1413,에이치디씨현대이피(주),89470,2020/12
1414,에이치디씨현대이피(주),89470,2021/12
1415,에이치디씨현대이피(주),89470,2022/12
1416,에이치디씨현대이피(주),89470,2023/12
1417,에이치디한국조선해양(주),9540,2020/12
1418,에이치디한국조선해양(주),9540,2021/12
1419,에이치디한국조선해양(주),9540,2022/12
1420,에이치디한국조선해양(주),9540,2023/12
1421,에이치디현대건설기계(주),267270,2020/12
1422,에이치디현대건설기계(주),267270,2021/12
1423,에이치디현대건설기계(주),267270,2022/12
1424,에이치디현대건설기계(주),267270,2023/12
1425,에이치디현대에너지솔루션(주),322000,2020/12
1426,에이치디현대에너지솔루션(주),322000,2021/12
1427,에이치디현대에너지솔루션(주),322000,2022/12
1428,에이치디현대에너지솔루션(주),322000,2023/12
1429,에이치디현대인프라코어(주),42670,2020/12
1430,에이치디현대인프라코어(주),42670,2021/12
1431,에이치디현대인프라코어(주),42670,2022/12
1432,에이치디현대인프라코어(주),42670,2023/12
1433,에이치디현대일렉트릭(주),267260,2020/12
1434,에이치디현대일렉트릭(주),267260,2021/12
1435,에이치디현대일렉트릭(주),267260,2022/12
1436,에이치디현대일렉트릭(주),267260,2023/12
1437,에이치디현대중공업(주),329180,2020/12
1438,에이치디현대중공업(주),329180,2021/12
1439,에이치디현대중공업(주),329180,2022/12
1440,에이치디현대중공업(주),329180,2023/12
1441,에이치엘디앤아이한라(주),14790,2020/12
1442,에이치엘디앤아이한라(주),14790,2021/12
1443,에이치엘디앤아이한라(주),14790,2022/12
1444,에이치엘디앤아이한라(주),14790,2023/12
1445,에이치엘만도(주),204320,2020/12
1446,에이치엘만도(주),204320,2021/12
1447,에이치엘만도(주),204320,2022/12
1448,에이치엘만도(주),204320,2023/12
1449,에이치엘비글로벌(주),3580,2020/12
1450,에이치엘비글로벌(주),3580,2021/12
1451,에이치엘비글로벌(주),3580,2022/12
1452,에이치엘비글로벌(주),3580,2023/12
1453,에이치엘홀딩스(주),60980,2020/12
1454,에이치엘홀딩스(주),60980,2021/12
1455,에이치엘홀딩스(주),60980,2022/12
1456,에이치엘홀딩스(주),60980,2023/12
1457,에이치엠엠(주),11200,2020/12
1458,에이치엠엠(주),11200,2021/12
1459,에이치엠엠(주),11200,2022/12
1460,에이치엠엠(주),11200,2023/12
1461,엔에이치엔(주),181710,2020/12
1462,엔에이치엔(주),181710,2021/12
1463,엔에이치엔(주),181710,2022/12
1464,엔에이치엔(주),181710,2023/12
1465,엘아이지넥스원(주),79550,2020/12
1466,엘아이지넥스원(주),79550,2021/12
1467,엘아이지넥스원(주),79550,2022/12
1468,엘아이지넥스원(주),79550,2023/12
1469,엘에스에코에너지(주),229640,2020/12
1470,엘에스에코에너지(주),229640,2021/12
1471,엘에스에코에너지(주),229640,2022/12
1472,엘에스에코에너지(주),229640,2023/12
1473,엘지디스플레이(주),34220,2020/12
1474,엘지디스플레이(주),34220,2021/12
1475,엘지디스플레이(주),34220,2022/12
1476,엘지디스플레이(주),34220,2023/12
1477,엘지전자(주),66570,2020/12
1478,엘지전자(주),66570,2021/12
1479,엘지전자(주),66570,2022/12
1480,엘지전자(주),66570,2023/12
1481,영보화학(주),14440,2020/12
1482,영보화학(주),14440,2021/12
1483,영보화학(주),14440,2022/12
1484,영보화학(주),14440,2023/12
1485,영풍제지(주),6740,2020/12
1486,영풍제지(주),6740,2021/12
1487,영풍제지(주),6740,2022/12
1488,영풍제지(주),6740,2023/12
1489,오씨아이홀딩스(주),10060,2020/12
1490,오씨아이홀딩스(주),10060,2021/12
1491,오씨아이홀딩스(주),10060,2022/12
1492,오씨아이홀딩스(주),10060,2023/12
1493,유니퀘스트(주),77500,2020/12
1494,유니퀘스트(주),77500,2021/12
1495,유니퀘스트(주),77500,2022/12
1496,유니퀘스트(주),77500,2023/12
1497,율촌화학(주),8730,2020/12
1498,율촌화학(주),8730,2021/12
1499,율촌화학(주),8730,2022/12
1500,율촌화학(주),8730,2023/12
1501,인터지스(주),129260,2020/12
1502,인터지스(주),129260,2021/12
1503,인터지스(주),129260,2022/12
1504,인터지스(주),129260,2023/12
1505,일동제약(주),249420,2020/12
1506,일동제약(주),249420,2021/12
1507,일동제약(주),249420,2022/12
1508,일동제약(주),249420,2023/12
1509,일동홀딩스(주),230,2020/12
1510,일동홀딩스(주),230,2021/12
1511,일동홀딩스(주),230,2022/12
1512,일동홀딩스(주),230,2023/12
1513,일성건설(주),13360,2020/12
1514,일성건설(주),13360,2021/12
1515,일성건설(주),13360,2022/12
1516,일성건설(주),13360,2023/12
1517,일신방직(주),3200,2020/12
1518,일신방직(주),3200,2021/12
1519,일신방직(주),3200,2022/12
1520,일신방직(주),3200,2023/12
1521,일양약품(주),7570,2020/12
1522,일양약품(주),7570,2021/12
1523,일양약품(주),7570,2022/12
1524,일양약품(주),7570,2023/12
1525,일정실업(주),8500,2020/12
1526,일정실업(주),8500,2021/12
1527,일정실업(주),8500,2022/12
1528,일정실업(주),8500,2023/12
1529,일진다이아몬드(주),81000,2020/12
1530,일진다이아몬드(주),81000,2021/12
1531,일진다이아몬드(주),81000,2022/12
1532,일진다이아몬드(주),81000,2023/12
1533,일진전기(주),103590,2020/12
1534,일진전기(주),103590,2021/12
1535,일진전기(주),103590,2022/12
1536,일진전기(주),103590,2023/12
1537,일진홀딩스(주),15860,2020/12
1538,일진홀딩스(주),15860,2021/12
1539,일진홀딩스(주),15860,2022/12
1540,일진홀딩스(주),15860,2023/12
1541,전방(주),950,2020/12
1542,전방(주),950,2021/12
1543,전방(주),950,2022/12
1544,전방(주),950,2023/12
1545,제이더블유생명과학(주),234080,2020/12
1546,제이더블유생명과학(주),234080,2021/12
1547,제이더블유생명과학(주),234080,2022/12
1548,제이더블유생명과학(주),234080,2023/12
1549,제이더블유중외제약(주),1060,2020/12
1550,제이더블유중외제약(주),1060,2021/12
1551,제이더블유중외제약(주),1060,2022/12
1552,제이더블유중외제약(주),1060,2023/12
1553,제이더블유홀딩스(주),96760,2020/12
1554,제이더블유홀딩스(주),96760,2021/12
1555,제이더블유홀딩스(주),96760,2022/12
1556,제이더블유홀딩스(주),96760,2023/12
1557,제일약품(주),271980,2020/12
1558,제일약품(주),271980,2021/12
1559,제일약품(주),271980,2022/12
1560,제일약품(주),271980,2023/12
1561,제일파마홀딩스(주),2620,2020/12
1562,제일파마홀딩스(주),2620,2021/12
1563,제일파마홀딩스(주),2620,2022/12
1564,제일파마홀딩스(주),2620,2023/12
1565,조광페인트(주),4910,2020/12
1566,조광페인트(주),4910,2021/12
1567,조광페인트(주),4910,2022/12
1568,조광페인트(주),4910,2023/12
1569,조선내화(주),462520,2023/12
1570,지에스건설(주),6360,2020/12
1571,지에스건설(주),6360,2021/12
1572,지에스건설(주),6360,2022/12
1573,지에스건설(주),6360,2023/12
1574,진양산업(주),3780,2020/12
1575,진양산업(주),3780,2021/12
1576,진양산업(주),3780,2022/12
1577,진양산업(주),3780,2023/12
1578,진양폴리우레탄(주),10640,2020/12
1579,진양폴리우레탄(주),10640,2021/12
1580,진양폴리우레탄(주),10640,2022/12
1581,진양폴리우레탄(주),10640,2023/12
1582,참엔지니어링(주),9310,2020/12
1583,참엔지니어링(주),9310,2021/12
1584,참엔지니어링(주),9310,2022/12
1585,참엔지니어링(주),9310,2023/12
1586,케이씨그린홀딩스(주),9440,2020/12
1587,케이씨그린홀딩스(주),9440,2021/12
1588,케이씨그린홀딩스(주),9440,2022/12
1589,케이씨그린홀딩스(주),9440,2023/12
1590,케이씨코트렐(주),119650,2020/12
1591,케이씨코트렐(주),119650,2021/12
1592,케이씨코트렐(주),119650,2022/12
1593,케이씨코트렐(주),119650,2023/12
1594,케이지모빌리티(주),3620,2020/12
1595,케이지모빌리티(주),3620,2021/12
1596,케이지모빌리티(주),3620,2022/12
1597,케이지모빌리티(주),3620,2023/12
1598,케이피엑스케미칼(주),25000,2020/12
1599,케이피엑스케미칼(주),25000,2021/12
1600,케이피엑스케미칼(주),25000,2022/12
1601,케이피엑스케미칼(주),25000,2023/12
1602,케이피엑스홀딩스(주),92230,2020/12
1603,케이피엑스홀딩스(주),92230,2021/12
1604,케이피엑스홀딩스(주),92230,2022/12
1605,케이피엑스홀딩스(주),92230,2023/12
1606,코스모화학(주),5420,2020/12
1607,코스모화학(주),5420,2021/12
1608,코스모화학(주),5420,2022/12
1609,코스모화학(주),5420,2023/12
1610,코오롱글로벌(주),3070,2020/12
1611,코오롱글로벌(주),3070,2021/12
1612,코오롱글로벌(주),3070,2022/12
1613,코오롱글로벌(주),3070,2023/12
1614,코웨이(주),21240,2020/12
1615,코웨이(주),21240,2021/12
1616,코웨이(주),21240,2022/12
1617,코웨이(주),21240,2023/12
1618,쿠쿠홀딩스(주),192400,2020/12
1619,쿠쿠홀딩스(주),192400,2021/12
1620,쿠쿠홀딩스(주),192400,2022/12
1621,쿠쿠홀딩스(주),192400,2023/12
1622,태경케미컬(주),6890,2020/12
1623,태경케미컬(주),6890,2021/12
1624,태경케미컬(주),6890,2022/12
1625,태경케미컬(주),6890,2023/12
1626,태림포장(주),11280,2020/12
1627,태림포장(주),11280,2021/12
1628,태림포장(주),11280,2022/12
1629,태림포장(주),11280,2023/12
1630,태평양물산(주),7980,2020/12
1631,태평양물산(주),7980,2021/12
1632,태평양물산(주),7980,2022/12
1633,태평양물산(주),7980,2023/12
1634,티케이지휴켐스(주),69260,2020/12
1635,티케이지휴켐스(주),69260,2021/12
1636,티케이지휴켐스(주),69260,2023/12
1637,팜젠사이언스(주),4720,2020/12
1638,팜젠사이언스(주),4720,2021/12
1639,팜젠사이언스(주),4720,2022/12
1640,팜젠사이언스(주),4720,2023/12
1641,팬오션(주),28670,2020/12
1642,팬오션(주),28670,2021/12
1643,팬오션(주),28670,2022/12
1644,팬오션(주),28670,2023/12
1645,평화산업(주),90080,2020/12
1646,평화산업(주),90080,2021/12
1647,평화산업(주),90080,2022/12
1648,평화산업(주),90080,2023/12
1649,평화홀딩스(주),10770,2020/12
1650,평화홀딩스(주),10770,2021/12
1651,평화홀딩스(주),10770,2022/12
1652,평화홀딩스(주),10770,2023/12
1653,포스코스틸리온(주),58430,2020/12
1654,포스코스틸리온(주),58430,2021/12
1655,포스코스틸리온(주),58430,2022/12
1656,포스코스틸리온(주),58430,2023/12
1657,포스코홀딩스(주),5490,2020/12
1658,포스코홀딩스(주),5490,2021/12
1659,포스코홀딩스(주),5490,2022/12
1660,포스코홀딩스(주),5490,2023/12
1661,하이트진로(주),80,2020/12
1662,하이트진로(주),80,2021/12
1663,하이트진로(주),80,2022/12
1664,하이트진로(주),80,2023/12
1665,하이트진로홀딩스(주),140,2020/12
1666,하이트진로홀딩스(주),140,2021/12
1667,하이트진로홀딩스(주),140,2022/12
1668,하이트진로홀딩스(주),140,2023/12
1669,한국가스공사(주),36460,2020/12
1670,한국가스공사(주),36460,2021/12
1671,한국가스공사(주),36460,2022/12
1672,한국가스공사(주),36460,2023/12
1673,한국공항(주),5430,2020/12
1674,한국공항(주),5430,2021/12
1675,한국공항(주),5430,2022/12
1676,한국공항(주),5430,2023/12
1677,한국내화(주),10040,2020/12
1678,한국내화(주),10040,2021/12
1679,한국내화(주),10040,2022/12
1680,한국내화(주),10040,2023/12
1681,한국석유공업(주),4090,2020/12
1682,한국석유공업(주),4090,2021/12
1683,한국석유공업(주),4090,2022/12
1684,한국석유공업(주),4090,2023/12
1685,한국수출포장공업(주),2200,2020/12
1686,한국수출포장공업(주),2200,2021/12
1687,한국수출포장공업(주),2200,2022/12
1688,한국수출포장공업(주),2200,2023/12
1689,한국전력공사(주),15760,2020/12
1690,한국전력공사(주),15760,2021/12
1691,한국전력공사(주),15760,2022/12
1692,한국전력공사(주),15760,2023/12
1693,한국전력기술(주),52690,2020/12
1694,한국전력기술(주),52690,2021/12
1695,한국전력기술(주),52690,2022/12
1696,한국전력기술(주),52690,2023/12
1697,한국제지(주),27970,2023/12
1698,한국타이어앤테크놀로지(주),161390,2020/12
1699,한국타이어앤테크놀로지(주),161390,2021/12
1700,한국타이어앤테크놀로지(주),161390,2022/12
1701,한국타이어앤테크놀로지(주),161390,2023/12
1702,한국항공우주산업(주),47810,2020/12
1703,한국항공우주산업(주),47810,2021/12
1704,한국항공우주산업(주),47810,2022/12
1705,한국항공우주산업(주),47810,2023/12
1706,한미반도체(주),42700,2020/12
1707,한미반도체(주),42700,2021/12
1708,한미반도체(주),42700,2022/12
1709,한미반도체(주),42700,2023/12
1710,한미약품(주),128940,2020/12
1711,한미약품(주),128940,2021/12
1712,한미약품(주),128940,2022/12
1713,한미약품(주),128940,2023/12
1714,한세실업(주),105630,2020/12
1715,한세실업(주),105630,2021/12
1716,한세실업(주),105630,2022/12
1717,한세실업(주),105630,2023/12
1718,한솔로지스틱스(주),9180,2020/12
1719,한솔로지스틱스(주),9180,2021/12
1720,한솔로지스틱스(주),9180,2022/12
1721,한솔로지스틱스(주),9180,2023/12
1722,한솔제지(주),213500,2020/12
1723,한솔제지(주),213500,2021/12
1724,한솔제지(주),213500,2022/12
1725,한솔제지(주),213500,2023/12
1726,한솔테크닉스(주),4710,2020/12
1727,한솔테크닉스(주),4710,2021/12
1728,한솔테크닉스(주),4710,2022/12
1729,한솔테크닉스(주),4710,2023/12
1730,한솔피엔에스(주),10420,2021/12
1731,한솔피엔에스(주),10420,2022/12
1732,한솔피엔에스(주),10420,2023/12
1733,한솔홀딩스(주),4150,2020/12
1734,한솔홀딩스(주),4150,2021/12
1735,한솔홀딩스(주),4150,2022/12
1736,한솔홀딩스(주),4150,2023/12
1737,한신공영(주),4960,2020/12
1738,한신공영(주),4960,2021/12
1739,한신공영(주),4960,2022/12
1740,한신공영(주),4960,2023/12
1741,한온시스템(주),18880,2020/12
1742,한온시스템(주),18880,2021/12
1743,한온시스템(주),18880,2022/12
1744,한온시스템(주),18880,2023/12
1745,한올바이오파마(주),9420,2020/12
1746,한올바이오파마(주),9420,2021/12
1747,한올바이오파마(주),9420,2022/12
1748,한올바이오파마(주),9420,2023/12
1749,한일철강(주),2220,2020/12
1750,한일철강(주),2220,2021/12
1751,한일철강(주),2220,2022/12
1752,한일철강(주),2220,2023/12
1753,한전케이피에스(주),51600,2020/12
1754,한전케이피에스(주),51600,2021/12
1755,한전케이피에스(주),51600,2022/12
1756,한전케이피에스(주),51600,2023/12
1757,한화갤러리아(주),452260,2023/12
1758,한화솔루션(주),9830,2020/12
1759,한화솔루션(주),9830,2021/12
1760,한화솔루션(주),9830,2022/12
1761,한화솔루션(주),9830,2023/12
1762,한화시스템(주),272210,2020/12
1763,한화시스템(주),272210,2021/12
1764,한화시스템(주),272210,2022/12
1765,한화시스템(주),272210,2023/12
1766,한화에어로스페이스(주),12450,2020/12
1767,한화에어로스페이스(주),12450,2021/12
1768,한화에어로스페이스(주),12450,2022/12
1769,한화에어로스페이스(주),12450,2023/12
1770,한화오션(주),42660,2020/12
1771,한화오션(주),42660,2021/12
1772,한화오션(주),42660,2022/12
1773,한화오션(주),42660,2023/12
1774,해성디에스(주),195870,2020/12
1775,해성디에스(주),195870,2021/12
1776,해성디에스(주),195870,2022/12
1777,해성디에스(주),195870,2023/12
1778,현대건설(주),720,2020/12
1779,현대건설(주),720,2021/12
1780,현대건설(주),720,2022/12
1781,현대건설(주),720,2023/12
1782,현대글로비스(주),86280,2020/12
1783,현대글로비스(주),86280,2021/12
1784,현대글로비스(주),86280,2022/12
1785,현대글로비스(주),86280,2023/12
1786,현대로템(주),64350,2020/12
1787,현대로템(주),64350,2021/12
1788,현대로템(주),64350,2022/12
1789,현대로템(주),64350,2023/12
1790,현대모비스(주),12330,2020/12
1791,현대모비스(주),12330,2021/12
1792,현대모비스(주),12330,2022/12
1793,현대모비스(주),12330,2023/12
1794,현대비앤지스틸(주),4560,2020/12
1795,현대비앤지스틸(주),4560,2021/12
1796,현대비앤지스틸(주),4560,2022/12
1797,현대비앤지스틸(주),4560,2023/12
1798,현대엘리베이터(주),17800,2020/12
1799,현대엘리베이터(주),17800,2021/12
1800,현대엘리베이터(주),17800,2022/12
1801,현대엘리베이터(주),17800,2023/12
1802,현대오토에버(주),307950,2020/12
1803,현대오토에버(주),307950,2021/12
1804,현대오토에버(주),307950,2022/12
1805,현대오토에버(주),307950,2023/12
1806,현대위아(주),11210,2020/12
1807,현대위아(주),11210,2021/12
1808,현대위아(주),11210,2022/12
1809,현대위아(주),11210,2023/12
1810,현대자동차(주),5380,2020/12
1811,현대자동차(주),5380,2021/12
1812,현대자동차(주),5380,2022/12
1813,현대자동차(주),5380,2023/12
1814,현대제철(주),4020,2020/12
1815,현대제철(주),4020,2021/12
1816,현대제철(주),4020,2022/12
1817,현대제철(주),4020,2023/12
1818,현대코퍼레이션(주),11760,2020/12
1819,현대코퍼레이션(주),11760,2021/12
1820,현대코퍼레이션(주),11760,2022/12
1821,현대코퍼레이션(주),11760,2023/12
1822,현대코퍼레이션홀딩스(주),227840,2020/12
1823,현대코퍼레이션홀딩스(주),227840,2021/12
1824,현대코퍼레이션홀딩스(주),227840,2022/12
1825,현대코퍼레이션홀딩스(주),227840,2023/12
1826,화성산업(주),2460,2020/12
1827,화성산업(주),2460,2021/12
1828,화성산업(주),2460,2022/12
1829,화성산업(주),2460,2023/12
1830,화천기공(주),850,2020/12
1831,화천기공(주),850,2021/12
1832,화천기공(주),850,2022/12
1833,화천기공(주),850,2023/12
1834,환인제약(주),16580,2020/12
1835,환인제약(주),16580,2021/12
1836,환인제약(주),16580,2022/12
1837,환인제약(주),16580,2023/12
1838,효성아이티엑스(주),94280,2020/12
1839,효성아이티엑스(주),94280,2021/12
1840,효성아이티엑스(주),94280,2022/12
1841,효성아이티엑스(주),94280,2023/12
1842,효성중공업(주),298040,2020/12
1843,효성중공업(주),298040,2021/12
1844,효성중공업(주),298040,2022/12
1845,효성중공업(주),298040,2023/12
1846,효성첨단소재(주),298050,2020/12
1847,효성첨단소재(주),298050,2021/12
1848,효성첨단소재(주),298050,2022/12
1849,효성첨단소재(주),298050,2023/12
1850,효성티앤씨(주),298020,2020/12
1851,효성티앤씨(주),298020,2021/12
1852,효성티앤씨(주),298020,2022/12
1853,효성티앤씨(주),298020,2023/12
1854,효성화학(주),298000,2020/12
1855,효성화학(주),298000,2021/12
1856,효성화학(주),298000,2022/12
1857,효성화학(주),298000,2023/12
1858,흥아해운(주),3280,2020/12
1859,흥아해운(주),3280,2021/12
1860,흥아해운(주),3280,2022/12
1861,흥아해운(주),3280,2023/12
